{
  "time_only": {
    "SVM (RBF)": {
      "cv_mean": 0.9498244335980184,
      "cv_std": 0.019155161601801092,
      "test_acc": 0.9504310344827587
    },
    "RandomForest": {
      "cv_mean": 0.9557528957528957,
      "cv_std": 0.013472058978772307,
      "test_acc": 0.9396551724137931
    },
    "XGBoost": {
      "cv_mean": 0.9514416842718729,
      "cv_std": 0.015875054969512564,
      "test_acc": 0.9353448275862069
    }
  },
  "full": {
    "SVM (RBF)": {
      "cv_mean": 0.9913717491075982,
      "cv_std": 0.00750731200311966,
      "test_acc": 0.9827586206896551
    },
    "RandomForest": {
      "cv_mean": 0.9919122896481387,
      "cv_std": 0.006601209143185649,
      "test_acc": 0.9870689655172413
    },
    "XGBoost": {
      "cv_mean": 0.9892168718583813,
      "cv_std": 0.008522277632409142,
      "test_acc": 0.9892241379310345
    }
  }
}